"","T_MAPCODE","deg80","nat","notnat","prpdeg","prplost","D1"
"1","SKv11",477.7696,1073.1476,27.5384,0.308056161863444,0.0174464204124589,"VU"
